id,臂力格,惯青老
1,Rocker,2022-03-10 08:24:25
2,River of No Return,2021-09-27 08:20:22
3,When Jews Were Funny,2022-08-03 18:04:58
4,"Rink, The",2021-12-12 09:25:08
5,"Animal Kingdom, The",2022-06-13 14:15:32
6,"Feuer, Eis & Dosenbier",2021-11-28 21:51:03
7,Electric Shadows (Meng ying tong nian),2022-03-10 01:25:45
8,"Turn of the Screw, The",2022-06-22 14:51:35
9,The Four Feathers,2022-03-24 23:47:17
10,Where Is Fred!? (Wo ist Fred?),2022-03-02 11:25:30
11,Scar,2021-10-24 10:20:12
12,Four Christmases,2022-08-10 12:49:58
13,Hotel,2021-10-17 11:05:31
14,The War,2022-06-19 12:15:31
15,Rebirth,2022-09-08 21:40:21
16,What the Day Owes the Night,2021-12-20 11:16:59
17,WNUF Halloween Special,2022-09-02 00:14:15
18,Iron Man 3,2021-11-19 13:07:37
19,"Maxed Out: Hard Times, Easy Credit and the Era of Predatory Lenders",2022-04-04 11:09:51
20,Zero Dark Thirty,2021-10-07 12:32:02
21,The Golden Voyage of Sinbad,2022-08-23 13:23:39
22,Summer Holiday,2022-08-14 21:49:38
23,"Nature of Existence, The",2022-09-09 12:50:16
24,Evangelion: 1.0 You Are (Not) Alone (Evangerion shin gekij?ban: Jo),2022-04-02 23:47:58
25,"Sicilian Clan, The (Clan des Siciliens, Le)",2022-09-07 03:55:28
26,Brainstorm,2022-08-04 07:14:34
27,Sleuth,2022-07-15 12:24:34
28,"Colony, The",2021-10-02 03:51:25
29,3 Backyards,2022-06-24 14:52:35
30,Rigor Mortis (Geung si),2022-08-27 14:42:52
31,Dirty Bomb,2022-03-26 21:56:15
32,All Things to All Men,2022-06-20 18:39:50
33,Wend Kuuni (a.k.a. God's Gift),2022-02-11 01:30:15
34,Grown Up Movie Star,2021-10-27 05:44:38
35,William Shakespeare's Romeo + Juliet,2022-09-08 23:33:38
36,OSS 117 - Lost in Rio (OSS 117: Rio ne r?pond plus),2021-10-13 02:16:04
37,Beyond the Forest,2022-02-05 18:34:58
38,On the Beach,2021-12-20 19:49:26
39,Auggie Rose (a.k.a. Beyond Suspicion),2021-11-02 01:05:23
40,"Dinner, The (Cena, La)",2022-03-17 13:08:12
41,"Sheik, The",2022-06-25 17:32:32
42,Zorn's Lemma,2021-10-12 09:49:43
43,"Misfortunates, The (De helaasheid der dingen)",2022-01-15 02:05:00
44,"Aviator, The",2022-08-27 19:33:26
45,The Trip to Squash Land,2022-04-02 04:36:40
46,Loverboy,2022-07-10 00:31:41
47,Naqoyqatsi,2021-11-10 08:03:37
48,Beyond the Mat,2022-03-02 01:30:14
49,"Rita, Sue and Bob Too!",2022-04-09 11:04:42
50,Nemesis 3: Time Lapse,2021-10-27 07:36:09
51,Treasure Island,2022-08-07 12:46:32
52,"Shanghai Gesture, The",2022-07-13 20:42:42
53,Blast,2022-07-26 14:07:14
54,Basic Instinct 2,2022-01-12 10:11:22
55,Cinema Paradiso (Nuovo cinema Paradiso),2021-10-17 14:28:28
56,"Great Stone Face, The",2022-01-30 17:15:38
57,"Adventures of Picasso, The (Picassos ?ventyr)",2021-12-24 12:09:48
58,Palermo Shooting,2022-01-02 14:15:04
59,High on Crack Street: Lost Lives in Lowell,2022-05-08 16:05:34
60,Of Mice and Men,2021-10-23 23:50:24
61,Assassins,2022-07-23 03:13:01
62,Inbetween Worlds,2022-07-18 11:52:34
63,28 Up,2022-04-07 03:59:43
64,Crazed Fruit (Kurutta kajitsu),2022-04-17 06:53:25
65,"Silence, The (Das letzte Schweigen)",2022-08-01 15:22:04
66,Body Fat Index of Love,2022-04-10 20:37:04
67,To Each His Own,2022-09-15 23:59:09
68,Supercl?sico,2022-05-19 11:34:44
69,Antique (Sayangkoldong yangkwajajeom aentikeu),2021-09-22 21:11:37
70,Neil Young Journeys,2021-11-15 20:30:48
71,Thoughtcrimes,2021-10-29 19:07:42
72,"Hound of the Baskervilles, The",2021-12-01 01:57:33
73,Raw Deal,2021-12-23 10:53:40
74,Day Watch (Dnevnoy dozor),2021-10-03 22:58:36
75,Joe Versus the Volcano,2021-11-06 06:42:53
76,Johnny Stecchino,2021-12-19 16:00:19
77,"Come Back, Little Sheba",2021-09-25 21:08:51
78,"Day the Universe Changed, The",2022-04-27 21:45:14
79,The Winslow Boy,2022-01-02 18:24:35
80,"Me Too (Yo, tambi?n)",2022-01-29 20:29:07
81,Dead Set,2022-07-04 19:00:15
82,Behind the Burly Q: The Story of Burlesque in America,2022-07-29 06:21:01
83,"Oklahoma Kid, The",2022-07-17 08:17:39
84,Wish I Was Here,2021-09-30 01:34:42
85,Rollover,2021-10-12 11:51:55
86,Ken Park,2022-07-26 02:44:44
87,Switch,2021-11-29 07:28:40
88,Love Crazy,2022-03-24 16:35:59
89,Let's Get Those English Girls,2021-11-09 12:42:20
90,White Fang 2: Myth of the White Wolf,2022-05-21 05:16:29
91,Still Crazy,2022-09-13 09:21:10
92,"Wooden Man's Bride, The (Yan shen)",2021-11-27 20:43:08
93,Thawing Out (La fonte des neiges) ,2022-01-24 02:20:59
94,Backwood Philosopher (Havukka-ahon ajattelija),2021-09-19 15:04:22
95,Lonely Are the Brave,2022-08-06 03:21:21
96,Back to Bataan,2022-05-26 20:34:25
97,Maybe Baby,2022-06-21 21:46:07
98,War of the Dead - Stone's War ,2021-12-22 13:30:29
99,War of the Buttons,2021-11-14 21:21:07
100,The Magic Box,2022-08-24 05:10:17
101,Mission Congo,2021-10-19 05:01:22
102,The Man They Could Not Hang,2022-04-10 05:08:07
103,Fair Game,2022-05-13 13:15:47
104,The Hound of the Baskervilles,2021-09-16 10:27:56
105,Drop Dead Gorgeous,2022-04-06 17:05:32
106,"Shaggy Dog, The",2021-11-03 07:24:38
107,Pressed,2021-11-28 04:14:29
108,Blow-Up (Blowup),2022-05-30 23:31:38
109,Cinderfella,2021-10-10 19:13:28
110,"Unholy Rollers, The",2022-04-13 07:33:56
111,A Pistol For Ringo,2021-10-21 23:27:06
112,Nocturna,2022-04-12 14:08:37
113,Potiche,2022-03-05 10:11:15
114,On the Road,2022-04-19 16:15:53
115,"Last Stand, The",2022-01-17 04:21:22
116,"Life and Death of Peter Sellers, The",2022-01-21 02:55:31
117,Miami Connection,2021-12-29 00:41:30
118,"Ice Rink, The (La patinoire)",2021-12-13 06:07:50
119,Traveller,2022-04-16 10:00:30
120,Roads to Koktebel (Koktebel),2022-01-25 13:12:47
