id,first_name,email,last_login
1,Dacie,dseckom0@japanpost.jp,2022-10-26 03:01:39
2,Stu,sgraalmans1@bizjournals.com,2022-09-24 14:56:14
3,Gran,gpetranek2@t-online.de,2022-11-24 10:51:00
4,Edee,emccutcheon3@sciencedirect.com,2022-11-10 18:49:15
5,Brynn,bormes4@independent.co.uk,2022-09-23 04:06:17
6,Jacquelin,jvandecappelle5@goodreads.com,2022-09-21 17:22:31
7,Dagny,dstonestreet6@drupal.org,2022-09-24 20:56:25
8,Shell,sgothard7@alexa.com,2022-10-21 23:28:48
9,Quintina,qtraice8@youku.com,2022-11-14 13:41:50
10,Zara,zfocke9@shareasale.com,2022-09-23 17:25:55
11,Silvie,skeanea@drupal.org,2022-10-20 17:31:10
12,Berti,bmeadowsb@squarespace.com,2022-10-24 05:21:12
13,Charis,cloxdalec@domainmarket.com,2022-09-14 17:05:50
14,Northrup,ncalbreathd@google.co.uk,2022-11-07 13:18:14
15,Herby,hdeportee@earthlink.net,2022-10-02 04:15:38
16,Irv,ibrendf@utexas.edu,2022-10-17 22:12:39
17,Madelina,mcraufurdg@naver.com,2022-10-31 10:47:09
18,Donica,djarroldh@photobucket.com,2022-10-18 16:14:05
19,Tammie,thankini@w3.org,2022-09-22 05:57:40
20,Cesare,csollimej@marketwatch.com,2022-11-11 17:29:38
21,Reynold,rwinscomk@studiopress.com,2022-11-13 23:40:43
22,Zacharias,zschoroderl@cbsnews.com,2022-10-10 08:08:08
23,Alidia,atumberm@globo.com,2022-09-18 08:25:16
24,Thacher,troughleyn@merriam-webster.com,2022-10-22 03:46:34
25,Carin,cmotiono@pinterest.com,2022-10-29 10:51:01
26,Doll,dbudgetp@ted.com,2022-10-30 14:04:14
27,Gayle,grobichonq@nytimes.com,2022-11-24 05:36:37
28,Jenn,jatkirkr@over-blog.com,2022-09-18 20:30:25
29,Gladys,gcalvards@etsy.com,2022-11-26 03:49:01
30,Minnnie,mavrahamofft@wisc.edu,2022-10-12 00:44:59
31,Alexio,adanilchenkou@omniture.com,2022-11-19 16:37:44
32,Tina,tewertv@mapy.cz,2022-11-25 06:57:44
33,Rhodia,rhoytew@soundcloud.com,2022-09-19 00:02:04
34,Lana,lthamsx@alexa.com,2022-11-01 11:53:47
35,Sylas,ssafelly@istockphoto.com,2022-09-24 09:11:12
36,Sharlene,sbletsorz@flavors.me,2022-11-04 16:27:55
37,Jameson,jhanley10@mapy.cz,2022-11-11 02:56:36
38,Katrinka,kkiely11@tripadvisor.com,2022-11-28 00:31:04
39,Dedra,dwadge12@who.int,2022-11-15 09:18:20
40,Rob,rbowra13@blinklist.com,2022-09-17 13:36:21
41,Irwinn,icowdrey14@examiner.com,2022-10-10 21:30:55
42,Caro,csewart15@blogspot.com,2022-10-27 10:51:30
43,Donavon,dturmel16@theglobeandmail.com,2022-10-03 01:43:53
44,Poul,pessame17@phpbb.com,2022-10-19 11:54:02
45,Isidoro,iepperson18@dot.gov,2022-10-08 17:45:35
46,Devin,ddanko19@chronoengine.com,2022-09-03 15:34:02
47,Ev,eafield1a@w3.org,2022-09-24 12:17:39
48,Corry,csweatland1b@odnoklassniki.ru,2022-11-28 22:10:27
49,Angy,abadder1c@cocolog-nifty.com,2022-11-03 20:27:44
50,Aimee,aleffek1d@xrea.com,2022-10-21 07:01:52
51,Mahala,mkinnaird1e@mlb.com,2022-10-02 08:14:47
52,Lazare,lcastellucci1f@eepurl.com,2022-10-25 10:35:36
53,Desdemona,dsapauton1g@ocn.ne.jp,2022-10-24 21:29:08
54,Shirl,sbewshea1h@buzzfeed.com,2022-09-13 12:34:21
55,Darrick,dchessel1i@reuters.com,2022-10-17 21:48:24
56,Sven,sjeromson1j@prweb.com,2022-11-23 08:12:21
57,Kerrill,kallner1k@reverbnation.com,2022-11-19 18:14:47
58,Kaine,ktather1l@com.com,2022-09-04 11:16:42
59,Mendie,mchat1m@acquirethisname.com,2022-10-16 06:48:00
60,Florence,fbrimilcombe1n@dropbox.com,2022-10-19 23:07:40
61,Trix,tyele1o@ed.gov,2022-09-21 17:10:39
62,Sonia,skhoter1p@cam.ac.uk,2022-10-30 22:58:29
63,Agretha,atilberry1q@bandcamp.com,2022-09-09 21:47:48
64,Locke,lrhelton1r@digg.com,2022-09-18 17:51:02
65,Ermin,eholdey1s@biglobe.ne.jp,2022-10-31 07:18:48
66,Lynnet,lboxen1t@surveymonkey.com,2022-10-31 19:50:21
67,Rutter,rjeans1u@elpais.com,2022-09-03 19:33:03
68,Evy,ewille1v@angelfire.com,2022-10-08 03:19:32
69,Jonell,jbardsley1w@discuz.net,2022-10-08 20:14:44
70,Andy,adumpleton1x@alexa.com,2022-10-26 05:40:59
71,Dominik,dfilippone1y@soundcloud.com,2022-11-29 21:57:42
72,Hadley,hshalloo1z@apple.com,2022-09-21 12:15:47
73,Brewer,bpharoah20@gravatar.com,2022-10-03 21:35:36
74,Sandra,smyers21@miibeian.gov.cn,2022-11-17 03:40:08
75,Vernen,vshearman22@wix.com,2022-11-13 13:02:33
76,Eolanda,eivanishin23@shinystat.com,2022-09-20 22:38:56
77,Margie,mhallaways24@yahoo.com,2022-09-26 06:56:47
78,Melisandra,mgehrtz25@woothemes.com,2022-10-25 02:49:17
79,Zabrina,ztremellan26@prweb.com,2022-10-10 17:16:19
80,Remus,rcurd27@washington.edu,2022-11-12 17:22:43
81,Gabbi,gbrightman28@opera.com,2022-11-21 13:20:02
82,Orly,oandrysiak29@wikimedia.org,2022-10-18 18:40:35
83,Wilburt,wdunklee2a@bigcartel.com,2022-10-30 02:52:56
84,Lenore,lkerry2b@ucla.edu,2022-09-12 23:18:43
85,Estel,elympenie2c@github.com,2022-09-23 10:19:55
86,Kipper,kgrichukhin2d@phoca.cz,2022-09-17 10:23:19
87,Delphinia,dread2e@dmoz.org,2022-10-14 14:04:49
88,Anne-corinne,aswainston2f@noaa.gov,2022-11-22 07:24:11
89,Benni,btaw2g@marriott.com,2022-10-24 03:56:01
90,Othella,oscougal2h@forbes.com,2022-11-22 16:17:02
91,Powell,pcraiker2i@epa.gov,2022-09-13 08:24:13
92,Leone,lpeaurt2j@wp.com,2022-09-16 23:06:38
93,Ilse,ivahey2k@stanford.edu,2022-11-21 02:08:54
94,Darline,dsifleet2l@ameblo.jp,2022-10-07 16:25:58
95,Gerald,gaimer2m@tuttocitta.it,2022-11-13 12:49:25
96,Karia,kgipps2n@imgur.com,2022-09-18 21:07:10
97,Barbi,bsongust2o@sitemeter.com,2022-10-22 20:54:01
98,Farrah,fwalworth2p@freewebs.com,2022-11-10 14:30:48
99,Sylvester,skeighly2q@elegantthemes.com,2022-10-10 03:42:10
100,Casey,cfriett2r@tinypic.com,2022-10-24 11:29:30
101,Twila,tpeacham2s@house.gov,2022-10-24 15:54:05
102,Marcellus,mdowner2t@aol.com,2022-10-31 23:25:08
103,Odella,ohowland2u@jiathis.com,2022-10-31 13:09:09
104,Karlie,kgroocock2v@examiner.com,2022-11-13 02:39:04
105,Joane,jbricklebank2w@usda.gov,2022-09-18 11:33:20
106,Ellynn,eruddock2x@theguardian.com,2022-10-26 15:55:15
107,Paloma,pcrewdson2y@usda.gov,2022-10-17 11:51:27
108,Lilia,lbrumfield2z@ox.ac.uk,2022-10-18 07:57:33
109,Gilberto,gmarkushkin30@wikipedia.org,2022-09-19 13:21:11
110,Waly,wgoude31@google.co.uk,2022-10-08 18:26:22
111,Henriette,hbeadham32@google.nl,2022-09-03 23:44:43
112,Gillie,ggallyon33@reddit.com,2022-11-01 13:09:37
113,Garrot,gmosley34@hatena.ne.jp,2022-10-14 00:16:35
114,Layney,lshearsby35@newyorker.com,2022-11-26 15:11:33
115,Dallon,dtinman36@linkedin.com,2022-11-27 11:24:56
116,Cordelia,cmaric37@earthlink.net,2022-11-15 10:12:54
117,Joice,jhuyge38@list-manage.com,2022-09-13 02:08:38
118,Manya,mpereira39@amazon.de,2022-09-21 01:43:57
119,Saxe,sdavys3a@netlog.com,2022-09-05 22:29:03
120,Quincy,qdruitt3b@webs.com,2022-10-28 08:45:18
121,Ada,ayakunin3c@yellowpages.com,2022-11-21 23:16:23
122,Constancia,caldie3d@guardian.co.uk,2022-10-31 16:41:39
123,Elva,elautie3e@nasa.gov,2022-09-22 07:46:20
124,Penelope,pflannigan3f@blog.com,2022-10-22 11:19:37
125,Robinson,rmelhuish3g@youtube.com,2022-11-16 13:35:03
126,Boyce,bbourdis3h@ocn.ne.jp,2022-11-24 02:14:03
127,Alberto,asollam3i@diigo.com,2022-11-29 20:28:14
128,Minnaminnie,mlobell3j@harvard.edu,2022-11-05 22:20:27
129,Lela,lsutor3k@accuweather.com,2022-11-16 05:09:36
130,Carl,ckix3l@barnesandnoble.com,2022-11-13 23:02:42
131,Tomi,tchadwick3m@symantec.com,2022-09-28 14:13:44
132,Mickie,mbushell3n@bloomberg.com,2022-11-18 18:30:01
133,Kaine,kkinze3o@cornell.edu,2022-11-28 06:04:18
134,Obadias,olofthouse3p@cbc.ca,2022-09-15 21:15:19
135,Angie,acraigg3q@trellian.com,2022-10-25 05:49:12
136,Nikaniki,nkleinberer3r@dyndns.org,2022-11-27 00:17:20
137,Gerladina,gbrocklesby3s@reference.com,2022-11-11 07:31:58
138,Ron,rfilisov3t@topsy.com,2022-11-05 02:45:08
139,Dode,dmarfe3u@sina.com.cn,2022-09-02 18:47:19
140,Urban,ucrellin3v@xing.com,2022-11-04 06:47:14
141,Aarika,aprigmore3w@cnbc.com,2022-09-08 05:06:22
142,Jillayne,jwebbbowen3x@jalbum.net,2022-11-27 05:47:53
143,Minetta,mdavidavidovics3y@comcast.net,2022-11-28 12:32:06
144,Geralda,gadnet3z@slate.com,2022-10-18 18:05:02
145,Cecil,charley40@yale.edu,2022-10-17 00:52:52
146,Chrissie,cmccrackan41@statcounter.com,2022-10-10 09:28:50
147,Colline,ccrampin42@myspace.com,2022-09-19 12:54:52
148,Gerda,gdwire43@mac.com,2022-11-21 19:48:36
149,Aidan,ascud44@toplist.cz,2022-11-27 20:49:12
150,Irwin,iwoolfoot45@tuttocitta.it,2022-11-22 20:11:55
151,Faun,fkimber46@smh.com.au,2022-10-10 11:42:59
152,Ian,ishea47@homestead.com,2022-10-17 19:56:50
153,Winn,wbewsey48@php.net,2022-10-05 11:49:35
154,Sherilyn,smcmanaman49@guardian.co.uk,2022-11-27 23:50:49
155,Gardener,gmacharg4a@hud.gov,2022-09-14 11:16:06
156,Vasilis,veynon4b@nydailynews.com,2022-10-23 21:59:04
157,Turner,tboller4c@storify.com,2022-09-16 04:22:24
158,Kennie,kvassbender4d@sbwire.com,2022-09-28 13:49:58
159,Gunter,gmuckart4e@mozilla.org,2022-10-26 10:03:03
160,Tootsie,tmilksop4f@jigsy.com,2022-09-23 19:17:43
161,Hendrick,hayliffe4g@tmall.com,2022-11-24 00:54:45
162,Erin,ewrigglesworth4h@digg.com,2022-11-09 17:05:41
163,Zondra,ztourville4i@hugedomains.com,2022-10-14 13:51:14
164,Melisa,mpopping4j@yolasite.com,2022-09-28 10:35:04
165,Carmel,chrinishin4k@vistaprint.com,2022-10-31 16:34:57
166,Alec,ayakovliv4l@house.gov,2022-09-21 06:48:42
167,Sandye,sbridgement4m@seesaa.net,2022-09-25 19:33:56
168,Adrianna,arapinett4n@google.com,2022-11-27 00:10:28
169,Enriqueta,ekringe4o@princeton.edu,2022-10-17 14:47:01
170,Rad,reasman4p@ow.ly,2022-10-25 19:51:04
171,Dyan,dskryne4q@tumblr.com,2022-09-03 18:16:12
172,Jobey,jgeekin4r@state.gov,2022-09-06 08:10:52
173,Boony,bpittock4s@shinystat.com,2022-09-14 16:21:04
174,Virgie,vnewcombe4t@ft.com,2022-09-08 09:51:35
175,Jacquenette,jwotherspoon4u@qq.com,2022-11-14 10:20:52
176,Gamaliel,ggatrell4v@nhs.uk,2022-09-28 08:21:59
177,Kore,kcasassa4w@npr.org,2022-09-04 08:44:31
178,Aloisia,akolodziejski4x@mit.edu,2022-11-22 18:30:11
179,Jackqueline,jmatskiv4y@google.com.au,2022-09-20 16:06:53
180,Winn,wmarfell4z@sphinn.com,2022-09-29 04:50:48
181,Janot,jmunnion50@go.com,2022-10-30 22:42:45
182,Frieda,fnorthin51@ameblo.jp,2022-11-06 19:55:38
183,Rabi,rmcfetridge52@rediff.com,2022-10-15 04:14:32
184,Delia,dstorre53@etsy.com,2022-10-25 13:33:18
185,Annabela,akett54@narod.ru,2022-11-28 08:20:05
186,Rockey,rlarmour55@uol.com.br,2022-10-28 08:42:51
187,Emma,epammenter56@e-recht24.de,2022-09-14 03:53:39
188,Flora,fdislee57@jalbum.net,2022-09-15 14:31:06
189,Dionis,dalbon58@dyndns.org,2022-09-26 09:37:02
190,Harland,hpoulgreen59@salon.com,2022-09-03 14:31:31
191,Jere,jwayt5a@baidu.com,2022-10-08 22:51:15
192,Klarika,koventon5b@gravatar.com,2022-10-26 06:09:57
193,Annadiane,adunthorn5c@lycos.com,2022-09-17 18:22:01
194,Nicky,nogelsby5d@narod.ru,2022-11-14 20:06:03
195,Pietrek,ptincknell5e@aboutads.info,2022-11-04 11:53:18
196,Ricca,rsammut5f@tinypic.com,2022-10-08 21:40:16
197,Valenka,vcamillo5g@jugem.jp,2022-11-09 22:10:40
198,Seward,sceillier5h@blog.com,2022-10-06 10:07:28
199,Raeann,rhollington5i@list-manage.com,2022-11-20 08:20:46
200,Maribel,mianelli5j@google.nl,2022-11-24 01:39:11
201,Millicent,mglastonbury5k@spiegel.de,2022-09-21 19:11:50
202,Huntlee,hmcettrick5l@flickr.com,2022-09-05 01:05:02
203,Felicity,fsuckling5m@apache.org,2022-10-16 18:42:01
204,Sascha,sgrishin5n@alexa.com,2022-09-29 05:42:47
205,Bobbye,bboxell5o@un.org,2022-11-27 07:13:52
206,Bordy,bcrippell5p@intel.com,2022-10-04 04:16:50
207,Patton,pdownie5q@statcounter.com,2022-09-03 10:41:54
208,Em,ehobbert5r@cbslocal.com,2022-09-11 20:13:02
209,Walsh,wbromage5s@bloglovin.com,2022-09-28 20:13:40
210,Eldin,echalkly5t@bloomberg.com,2022-10-03 20:09:43
211,Lambert,ldarco5u@creativecommons.org,2022-10-04 20:26:50
212,Tabby,tcounsell5v@newsvine.com,2022-10-13 12:21:26
213,Dannel,ddavion5w@ucoz.ru,2022-10-23 20:33:46
214,Dolly,dneil5x@w3.org,2022-11-24 13:27:03
215,Milka,miacovozzo5y@instagram.com,2022-09-03 21:33:25
216,Andree,atrobe5z@360.cn,2022-11-18 12:17:16
217,Jessica,jweson60@flavors.me,2022-10-09 01:32:19
218,Isaiah,ieric61@cornell.edu,2022-10-29 05:53:23
219,Isa,iemmens62@netlog.com,2022-10-15 14:43:52
220,Rosabelle,rbonniface63@tinyurl.com,2022-10-06 05:59:48
221,Tersina,tsagar64@dailymail.co.uk,2022-11-28 11:39:36
222,Halley,hhucklesby65@163.com,2022-10-27 20:02:59
223,Sean,smomford66@tumblr.com,2022-11-06 12:26:11
224,Stacee,samort67@cloudflare.com,2022-11-17 04:30:28
225,Darelle,dbolens68@samsung.com,2022-10-18 17:12:57
226,Zacherie,zdaenen69@scribd.com,2022-09-14 10:00:26
227,Lanny,lsearchwell6a@free.fr,2022-10-17 15:32:03
228,Pollyanna,pmorrel6b@ning.com,2022-09-28 20:11:31
229,Theodosia,tandrag6c@comsenz.com,2022-11-09 16:34:41
230,Salomi,scroson6d@prweb.com,2022-10-03 23:23:48
231,Chantalle,cmichael6e@hp.com,2022-11-25 03:18:04
232,Verna,vmclise6f@twitpic.com,2022-11-29 16:24:51
233,Pammi,preburn6g@timesonline.co.uk,2022-11-17 21:11:54
234,Jackqueline,jpoxton6h@army.mil,2022-11-11 14:49:09
235,Jermaine,jwhale6i@dot.gov,2022-09-20 02:09:48
236,Rochell,rfox6j@geocities.jp,2022-10-12 06:29:38
237,Matthus,mmccurdy6k@nifty.com,2022-09-13 22:02:51
238,Halley,hdonne6l@live.com,2022-11-07 09:28:19
239,Rogers,rkach6m@reuters.com,2022-09-27 12:28:12
240,Karlen,kdimsdale6n@wunderground.com,2022-11-21 05:10:52
241,Alonzo,aelacoate6o@usgs.gov,2022-10-03 15:05:20
242,Benny,bwenban6p@bbb.org,2022-11-29 09:54:01
243,Ingar,iglendza6q@flickr.com,2022-09-18 04:26:58
244,Anthe,aflieg6r@zimbio.com,2022-11-06 12:05:19
245,Beaufort,bmanwaring6s@yellowbook.com,2022-09-15 23:38:05
246,Robbie,rdictus6t@mysql.com,2022-11-20 20:26:46
247,Brocky,bauger6u@bigcartel.com,2022-09-02 09:15:57
248,Merell,mrobbings6v@marketwatch.com,2022-10-25 09:28:04
249,Fredelia,fcaroll6w@technorati.com,2022-10-06 21:17:16
250,Bari,bgomery6x@answers.com,2022-09-17 20:40:50
251,Shirley,skelsey6y@wikia.com,2022-11-21 11:21:30
252,Jaimie,jworham6z@telegraph.co.uk,2022-11-24 23:20:35
253,Gino,gcoghlin70@godaddy.com,2022-09-20 00:47:17
254,Lisetta,lrielly71@myspace.com,2022-11-02 23:11:58
255,Helga,hcristol72@soundcloud.com,2022-09-29 00:56:14
256,Damon,dronchetti73@chronoengine.com,2022-11-17 09:29:22
257,Astra,ahardware74@plala.or.jp,2022-10-03 10:18:32
258,Jefferey,jsimmank75@sitemeter.com,2022-11-18 15:22:39
259,Udell,umityushin76@yolasite.com,2022-09-14 23:17:02
260,Amye,ashankland77@yale.edu,2022-09-09 16:48:10
261,Whitby,wrimbault78@cisco.com,2022-11-23 02:23:36
262,Marjory,msterzaker79@deliciousdays.com,2022-10-31 14:21:24
263,Dulcine,dtripett7a@jimdo.com,2022-10-02 10:40:16
264,Mendel,mbrambley7b@npr.org,2022-09-22 23:30:15
265,Alexa,aasbrey7c@princeton.edu,2022-09-09 07:31:01
266,Alonzo,acrudge7d@va.gov,2022-11-24 17:49:35
267,Ellene,ebeccera7e@tmall.com,2022-10-04 12:17:57
268,Oliy,odurn7f@a8.net,2022-09-22 02:26:43
269,Crissie,cgoble7g@wufoo.com,2022-09-05 02:11:51
270,Von,vwheelton7h@dot.gov,2022-09-14 09:33:31
271,Jerald,jbemand7i@senate.gov,2022-09-17 02:04:51
272,Jesus,jheyward7j@deviantart.com,2022-11-01 03:51:45
273,Cece,csokell7k@ebay.com,2022-10-16 21:05:43
274,Tybie,telis7l@dailymotion.com,2022-10-20 12:37:22
275,Howie,hcumes7m@webmd.com,2022-09-14 15:17:42
276,Valdemar,vsimoneton7n@china.com.cn,2022-11-02 04:17:09
277,Neilla,nthirlaway7o@nature.com,2022-09-11 12:20:44
278,Lydia,ldouble7p@is.gd,2022-11-06 15:35:36
279,Delbert,dstubbley7q@technorati.com,2022-09-05 02:31:44
280,Madonna,mmacpadene7r@fastcompany.com,2022-11-02 11:26:34
281,Gussy,gbaert7s@guardian.co.uk,2022-10-16 10:47:11
282,Sapphire,ssunnucks7t@exblog.jp,2022-11-26 19:21:27
283,Rodd,rraiment7u@jugem.jp,2022-09-16 04:54:40
284,Joleen,jcogzell7v@yellowpages.com,2022-10-09 09:13:58
285,Brandy,bmyers7w@java.com,2022-11-17 18:49:34
286,Keely,kcardew7x@google.ca,2022-11-29 04:25:23
287,Lem,lcurtoys7y@google.de,2022-10-15 19:09:48
288,Jaquenetta,jlycett7z@de.vu,2022-10-23 03:12:20
289,Francoise,ftallon80@dropbox.com,2022-11-07 19:06:07
290,Pamella,pgrady81@washington.edu,2022-11-20 14:40:41
291,Jobey,jjurasz82@economist.com,2022-11-03 13:18:34
292,Michele,mbarnwall83@macromedia.com,2022-11-26 18:49:49
293,Gale,gholywell84@jugem.jp,2022-11-25 02:07:48
294,Karlie,kockland85@geocities.jp,2022-11-10 11:57:59
295,Sofia,striswell86@livejournal.com,2022-10-17 04:29:35
296,Roseanna,ryanne87@illinois.edu,2022-09-23 17:48:05
297,Swen,sleythley88@nature.com,2022-11-10 00:31:59
298,Arty,adimbleby89@4shared.com,2022-10-27 04:08:05
299,Jake,jbraisher8a@nyu.edu,2022-10-13 06:31:10
300,Brandea,bcranidge8b@typepad.com,2022-11-10 10:15:38
301,Shaine,sweatherley8c@wikipedia.org,2022-11-04 20:52:12
302,Marius,mwhife8d@imgur.com,2022-11-17 19:42:53
303,Emmeline,esaltman8e@accuweather.com,2022-10-07 19:18:35
304,Carmelina,cnagle8f@usgs.gov,2022-09-03 15:41:02
305,Kerry,klansley8g@xinhuanet.com,2022-10-31 08:16:41
306,Forester,fkondratenya8h@sfgate.com,2022-10-09 07:01:44
307,Jobie,jtipple8i@t-online.de,2022-09-18 13:16:12
308,Selie,sleifer8j@europa.eu,2022-11-29 06:26:02
309,Blair,bdedei8k@nba.com,2022-10-30 16:07:29
310,Thomasina,tpoundford8l@spotify.com,2022-10-06 01:58:11
311,Fayette,fmcardle8m@example.com,2022-11-29 06:03:36
312,Niven,ngeale8n@hhs.gov,2022-10-19 14:15:39
313,Livvyy,lmasterman8o@craigslist.org,2022-10-16 18:00:54
314,Amby,acouronne8p@accuweather.com,2022-09-25 02:51:52
315,Deanna,dtabert8q@1688.com,2022-11-13 13:41:07
316,Ranna,rsivorn8r@typepad.com,2022-10-13 02:38:57
317,Yehudit,ynevett8s@unblog.fr,2022-10-16 02:09:23
318,Naomi,ningyon8t@npr.org,2022-10-17 15:31:37
319,Lorrie,ltroup8u@rakuten.co.jp,2022-10-25 05:23:13
320,Charlean,cklemmt8v@woothemes.com,2022-10-12 20:14:22
321,Juline,jhapper8w@techcrunch.com,2022-11-13 19:34:47
322,Henderson,hdoram8x@addthis.com,2022-10-10 18:54:27
323,Scarlet,smenure8y@whitehouse.gov,2022-11-29 06:42:59
324,Shell,svenard8z@msu.edu,2022-10-15 08:24:41
325,Jessi,jcoultish90@e-recht24.de,2022-10-15 20:52:51
326,Kyla,korourke91@sciencedirect.com,2022-10-03 04:36:55
327,Antoine,abiddles92@hhs.gov,2022-10-18 18:00:05
328,Maggee,msabberton93@senate.gov,2022-09-27 17:51:04
329,Farah,flambswood94@miibeian.gov.cn,2022-11-17 06:16:42
330,Rozina,rbramble95@jimdo.com,2022-11-11 04:51:59
331,Mickie,mtrowbridge96@bloglines.com,2022-09-06 10:29:55
332,Orton,omenchenton97@jigsy.com,2022-11-03 21:29:47
333,Rodrigo,rswadden98@virginia.edu,2022-09-02 10:45:37
334,Vite,vscanterbury99@github.com,2022-11-17 15:17:34
335,Twyla,tbigg9a@lulu.com,2022-09-27 10:39:00
336,Cathlene,csargood9b@google.de,2022-09-09 14:45:25
337,Mathian,mchartres9c@github.io,2022-11-17 03:01:05
338,Ignacio,ifirebrace9d@opera.com,2022-09-18 11:07:53
339,Dyanne,dduggary9e@oakley.com,2022-10-12 17:53:13
340,Flor,fedeson9f@nps.gov,2022-10-21 10:52:40
341,Stormie,sskelbeck9g@github.io,2022-09-13 07:27:59
342,Emogene,efawthorpe9h@bloglines.com,2022-09-14 08:49:39
343,Jammie,jlaurenz9i@naver.com,2022-09-04 20:52:17
344,Roby,raharoni9j@va.gov,2022-09-04 18:28:43
345,Claiborne,caronowitz9k@xrea.com,2022-11-01 21:09:57
346,Lucho,lmanshaw9l@4shared.com,2022-11-10 00:18:14
347,Alisa,awatterson9m@barnesandnoble.com,2022-11-21 15:19:53
348,Esdras,egrief9n@hugedomains.com,2022-10-24 13:41:56
349,Win,wmccathie9o@weibo.com,2022-09-30 02:57:05
350,Shannon,ssayburn9p@tuttocitta.it,2022-09-17 18:52:32
351,Alphonso,abunten9q@phoca.cz,2022-10-13 17:54:43
352,Quintana,qskerritt9r@topsy.com,2022-11-12 15:22:05
353,Kylynn,kwhellans9s@about.com,2022-11-13 15:31:05
354,Garey,gmilnes9t@bandcamp.com,2022-10-09 02:15:19
355,Jeremias,jandell9u@people.com.cn,2022-10-16 23:08:33
356,Gretel,gweatherdon9v@zimbio.com,2022-09-24 19:18:55
357,Janith,jscaplehorn9w@creativecommons.org,2022-10-12 06:02:49
358,Anson,ahessay9x@spotify.com,2022-09-14 03:27:20
359,Malissia,mpischof9y@mapy.cz,2022-10-08 19:21:12
360,Tillie,tigo9z@nps.gov,2022-11-27 17:23:46
361,Abrahan,ahaira0@flickr.com,2022-09-19 03:50:28
362,Lexine,lsunnera1@netlog.com,2022-11-17 04:38:30
363,Oran,owoolgera2@wiley.com,2022-10-07 08:12:56
364,Marla,mfrancelloa3@jalbum.net,2022-09-23 14:04:21
365,Scarface,sfrida4@surveymonkey.com,2022-11-22 17:04:07
366,Romonda,rbauckhama5@posterous.com,2022-11-05 12:27:22
367,Connie,coakera6@4shared.com,2022-09-18 10:41:02
368,Mikaela,mkincaida7@redcross.org,2022-09-14 16:14:16
369,Maia,mstyanta8@admin.ch,2022-09-03 18:47:26
370,Ellswerth,elytella9@angelfire.com,2022-10-09 18:02:45
371,Etan,emillomaa@indiatimes.com,2022-09-27 01:22:02
372,Fina,fgibbsab@marriott.com,2022-10-19 09:23:51
373,Hanni,hceyssenac@shinystat.com,2022-09-07 19:54:22
374,Tammy,tdelortad@simplemachines.org,2022-10-11 07:10:51
375,Lizette,llangtreeae@psu.edu,2022-10-30 21:35:16
376,Alleen,aconnechyaf@artisteer.com,2022-09-27 19:59:22
377,Leupold,ltindleag@mayoclinic.com,2022-11-03 05:40:18
378,Brandtr,bpeeblesah@sourceforge.net,2022-11-07 23:52:56
379,Sasha,sschoroderai@histats.com,2022-10-05 19:36:13
380,Flo,fheynenaj@bluehost.com,2022-11-10 23:25:44
381,Edee,ekullerak@imageshack.us,2022-09-17 13:28:36
382,Lucretia,lborrisal@studiopress.com,2022-10-12 00:04:29
383,Zorine,zhartburnam@flavors.me,2022-09-09 23:21:07
384,Kasper,kpietranekan@acquirethisname.com,2022-10-29 04:55:26
385,Pier,ptremoilleao@harvard.edu,2022-09-24 19:32:45
386,Armin,alabernap@simplemachines.org,2022-11-19 09:36:47
387,Jany,jbutterfintaq@sciencedaily.com,2022-09-01 20:30:22
388,Tandi,tcyseleyar@house.gov,2022-11-16 14:56:14
389,Feliza,fwingeatas@360.cn,2022-11-07 03:37:13
390,Matelda,mtoulminat@purevolume.com,2022-09-18 05:04:52
391,Trixi,truslinau@gmpg.org,2022-10-28 00:59:37
392,Gabie,gdrewav@jimdo.com,2022-11-15 00:52:41
393,Bevvy,bgiacominiaw@hostgator.com,2022-09-26 05:28:42
394,Warde,wsrawleyax@army.mil,2022-09-04 23:19:41
395,Ninetta,nbautisteay@people.com.cn,2022-10-26 23:25:01
396,Car,ctollfreeaz@hostgator.com,2022-09-28 23:25:22
397,Corney,ctaborreb0@networkadvertising.org,2022-11-21 22:22:22
398,Jennilee,jaldousb1@theglobeandmail.com,2022-10-17 05:32:07
399,Luciano,losbornb2@ask.com,2022-11-07 03:57:20
400,Domenic,dbowdidgeb3@pagesperso-orange.fr,2022-09-07 13:44:20
401,Mariann,mduggonb4@umich.edu,2022-09-17 14:39:14
402,Sonni,sbentameb5@ox.ac.uk,2022-09-23 19:36:13
403,Byram,bcasab6@google.nl,2022-11-15 09:40:32
404,Katey,ktschierascheb7@so-net.ne.jp,2022-10-26 19:44:05
405,Alvis,awildeb8@lulu.com,2022-10-26 09:01:22
406,Mae,mthunnercliffb9@soundcloud.com,2022-10-29 13:18:36
407,Franklin,fgloyba@walmart.com,2022-10-13 17:53:00
408,Loretta,lheafordbb@tinyurl.com,2022-11-09 10:03:07
409,Jamie,jdemseybc@scientificamerican.com,2022-10-31 05:34:04
410,Vanya,vkeeganbd@vkontakte.ru,2022-10-24 23:48:38
411,Jakie,jvansonbe@rambler.ru,2022-10-04 16:31:28
412,Karlens,klamblebf@gov.uk,2022-09-10 05:51:52
413,Alvira,awerendellbg@surveymonkey.com,2022-09-24 20:37:19
414,La verne,lmittonbh@wordpress.com,2022-09-12 15:08:41
415,Rufus,rboncorebi@uol.com.br,2022-11-25 16:53:19
416,Oralee,ostandleybj@pcworld.com,2022-11-10 06:23:35
417,Mead,mpalatinibk@walmart.com,2022-10-18 19:38:05
418,Hally,hludyebl@biglobe.ne.jp,2022-10-29 20:37:41
419,Sawyere,sbrimmellbm@about.me,2022-11-15 23:09:29
420,Falkner,fbrafieldbn@intel.com,2022-11-19 12:13:41
421,Gabrielle,grottgerbo@europa.eu,2022-11-11 18:58:34
422,Tyrus,tfrippsbp@vinaora.com,2022-09-05 08:36:22
423,Roxine,rcalvardbq@devhub.com,2022-10-21 22:39:35
424,Mary,msowterbr@nih.gov,2022-10-17 20:24:46
425,Lita,lpaladinobs@digg.com,2022-09-12 21:06:08
426,Bekki,blamortbt@theguardian.com,2022-11-25 09:38:03
427,Tibold,tnorthambu@paginegialle.it,2022-09-28 17:27:36
428,Moyna,mdurhambv@hatena.ne.jp,2022-09-01 05:42:00
429,Berton,blathburybw@columbia.edu,2022-10-23 09:27:14
430,Clovis,cstiddardbx@who.int,2022-10-10 17:41:10
431,Modesty,mpadellby@nationalgeographic.com,2022-11-11 19:37:49
432,Gibb,ghollingtonbz@flavors.me,2022-09-18 14:24:33
433,Zonda,zhaylorc0@un.org,2022-09-22 22:35:28
434,Marcia,mbasezzic1@gnu.org,2022-11-27 05:43:57
435,Benedicta,bhunc2@indiatimes.com,2022-11-16 20:27:17
436,Gustav,gcampionc3@printfriendly.com,2022-09-26 16:32:03
437,Silvain,sboyanc4@diigo.com,2022-10-10 01:23:44
438,Titos,tgaufordc5@usa.gov,2022-09-09 14:19:31
439,Greg,gmartinelloc6@bing.com,2022-11-03 22:05:40
440,Simeon,smasedonc7@shareasale.com,2022-09-16 13:06:15
441,Elbertine,ecraykc8@mayoclinic.com,2022-09-24 23:20:02
442,Booth,bleatesc9@vistaprint.com,2022-11-15 13:23:32
443,Den,dfairningtonca@yellowbook.com,2022-10-14 02:54:23
444,Agnella,ajacobcb@icio.us,2022-09-19 01:19:23
445,Kimberley,kcampacc@usa.gov,2022-10-19 23:12:56
446,Georgeanna,getoncd@oakley.com,2022-10-26 04:57:42
447,Davidson,dricardoce@is.gd,2022-10-02 07:43:40
448,Nataline,ndewirecf@comcast.net,2022-09-02 05:46:44
449,Lenore,lrudolphcg@friendfeed.com,2022-11-29 13:42:49
450,Lia,lworpolech@free.fr,2022-09-06 19:05:56
451,Warren,wtrendleci@php.net,2022-09-18 22:46:34
452,Dur,dashworthcj@dmoz.org,2022-11-06 17:02:46
453,Dal,djordenck@youtu.be,2022-11-27 20:37:24
454,Abner,arussamcl@yelp.com,2022-10-13 13:19:19
455,Ester,epotercm@liveinternet.ru,2022-10-19 06:09:15
456,Wenona,wcrottycn@abc.net.au,2022-10-08 22:57:24
457,Mal,mnoenco@unesco.org,2022-09-23 20:20:06
458,Mickie,mcatoncp@ftc.gov,2022-09-28 01:27:35
459,Gaultiero,giornscq@oaic.gov.au,2022-10-13 23:41:23
460,Ermengarde,ekickcr@businesswire.com,2022-10-25 02:57:40
461,Abigail,aheusticecs@jigsy.com,2022-09-01 01:05:35
462,Kacy,khollidgect@unc.edu,2022-11-19 23:43:31
463,Phillie,ppontcu@reuters.com,2022-10-07 02:57:22
464,Kylila,kjayumecv@digg.com,2022-09-04 08:51:16
465,Brendan,bpenningcw@indiatimes.com,2022-10-23 06:18:49
466,Ambros,ahayercx@dailymotion.com,2022-09-30 19:47:42
467,Susann,sdavidoucy@qq.com,2022-11-03 21:46:49
468,Weston,wfickencz@behance.net,2022-09-23 06:32:54
469,Eustacia,eskeend0@taobao.com,2022-10-29 08:31:03
470,Gran,gbertlind1@amazon.co.jp,2022-11-28 18:13:42
471,Jerrold,jvereyd2@jugem.jp,2022-10-22 11:03:54
472,Dov,dveldensd3@fotki.com,2022-10-29 09:55:51
473,Pammy,pnashd4@time.com,2022-10-13 09:13:53
474,Marti,mpenhaleurackd5@mysql.com,2022-09-12 01:09:52
475,Georgia,gbrewoodd6@army.mil,2022-10-06 18:01:47
476,Scarlett,sforrestd7@netlog.com,2022-11-25 15:38:46
477,Moore,mhenighand8@studiopress.com,2022-10-09 08:49:26
478,Cissy,cwyattd9@sitemeter.com,2022-11-06 06:01:09
479,Thane,tskermerda@ihg.com,2022-10-03 00:57:32
480,Titos,tstarrdb@netvibes.com,2022-11-17 11:11:22
481,Essa,efeehelydc@arizona.edu,2022-11-22 16:02:52
482,Lorita,lnatondd@ycombinator.com,2022-11-24 22:20:37
483,Vernon,vmatonde@wordpress.org,2022-09-22 18:24:25
484,Lars,lreidedf@timesonline.co.uk,2022-09-04 11:46:50
485,Howie,hdukedg@redcross.org,2022-10-02 10:17:23
486,Merrily,mcloggdh@who.int,2022-11-27 20:34:07
487,Worden,wsillimandi@netscape.com,2022-09-10 07:47:40
488,Millicent,mgrishkovdj@hc360.com,2022-10-30 13:32:20
489,Sheffy,sbarrettdk@fc2.com,2022-11-28 08:57:22
490,Em,ebiglindl@sciencedirect.com,2022-11-25 09:37:49
491,Audre,aonearydm@soundcloud.com,2022-10-16 12:26:24
492,Dierdre,dconnelldn@loc.gov,2022-11-06 12:01:49
493,Barnard,bbrobakdo@elegantthemes.com,2022-09-02 00:34:44
494,Chen,calgiedp@cloudflare.com,2022-09-27 04:55:49
495,Doralynne,dcordsendq@liveinternet.ru,2022-11-04 04:42:53
496,Brantley,blangstonedr@sciencedaily.com,2022-09-21 03:52:56
497,Doralynn,dpollicattds@census.gov,2022-10-27 04:51:16
498,Silvan,smcwhorterdt@yellowpages.com,2022-09-13 04:24:50
499,Hakeem,hmcelroydu@angelfire.com,2022-11-13 17:59:06
500,Lowrance,ltizarddv@amazon.co.uk,2022-09-16 07:12:55
